comment,馬達效能,電源類型,開關設計,故障/壽命,噪音,中立意見,Analysis,ID,Q1_1,Q1_2,Q1_3,Q1_4,Q1_5,Q1_6,電動滿意度總分,內容編碼表如下:
"It wasn't even very fast. It was in the range of the common electric whisks, maybe less. Not impressed.",2,0,0,0,0,0,"""根據評論，顧客主要考量產品的**電動**功能，特別是其**旋轉速度**。顧客表示該產品的旋轉速度並不快，甚至可能比一般的**電動**攪拌器還要慢，因此感到不滿意。",1,2,0,0,0,0,0,2,
"My daughter has one of these and I was so impressed that I got one for myself! She has a Nespresso machine and she uses this to froth her cream. This is a very powerful little machine and I use it to mix my fiber into my water and it blends it beautifully. It's also great for frothing cream or milk, as my daughter does, but it's a very very handy little machine and the price point is perfect",7,0,0,0,0,0,"""1. **考量特性**：",2,7,0,0,0,0,0,7,
"I bought this to replace a different brand, that was rechargeable. This one is battery operated and it is not near as strong. I have to hold the button down the whole time I am using it. Not a fan.",2,4,2,0,0,0,"""1. **考量特性**：",3,3,4,2,0,0,0,3,
It works fine. Basic frother that gets the job done. Nothing fancy but does what it's supposed to do.,0,0,0,0,0,4,"""1. **考量特性**：",4,4,0,0,0,0,0,4,
This frother is a beast! Super powerful motor that whips up foam in seconds. Love the USB rechargeable feature - so convenient!,7,7,0,0,0,0,"""1. **考量特性**：",5,7,7,0,0,0,0,7,
The button is in an awkward spot and you have to hold it down constantly. Battery drains quickly too. Disappointed.,0,2,2,0,0,0,"""1. **考量特性**：",6,0,2,2,0,0,0,2,
"Very quiet operation, barely makes any sound. Works well for my morning coffee routine.",5,0,0,5,7,0,"""1. **考量特性**：",7,5,0,0,0,7,0,6,
Broke after 2 months of use. Very flimsy construction. Would not recommend.,0,0,0,1,0,0,"""1. **考量特性**：",8,0,0,0,1,0,0,1,
"Decent power, easy to use button. The rechargeable battery is a nice touch. No complaints so far.",5,6,6,5,0,4,"""1. **考量特性**：",9,5,6,5,5,0,0,5,
It's okay. Does the job but nothing special. Just a basic frother.,0,0,0,0,0,4,"""1. **考量特性**：",10,0,0,0,0,0,4,4,
"Mighty little machine! Fast, powerful, and the battery lasts forever. Best frother I've owned!",7,7,0,7,0,0,"""1. **考量特性**：",11,7,7,0,7,0,0,7,
Too noisy for early morning use. Wakes everyone up. Motor seems weak too.,2,0,0,0,1,0,"""1. **考量特性**：",12,2,0,0,0,2,0,2,
"Simple one button design, easy to operate. Quiet and reliable. Been using for a year with no issues.",0,0,6,6,6,0,"""1. **考量特性**：",13,0,0,6,7,6,0,6,
"Not very fast, feels cheap and plasticky. The switch is hard to press.",2,0,2,3,0,0,"""1. **考量特性**：",14,2,0,2,3,0,0,2,
"Works perfectly! Strong motor, long battery life, and super quiet. Highly recommend!",6,7,0,7,7,0,"""1. **考量特性**：",15,6,6,0,6,7,0,6,
Stopped working after just 3 weeks. Terrible durability. Total waste of money.,0,0,0,1,0,0,"""1. **考量特性**：",16,0,0,0,1,0,0,1,
Good performance for the price. Battery-operated which is convenient. Easy button to use.,6,5,6,0,0,0,"""1. **考量特性**：",17,6,5,5,0,0,0,5,
"It's fine. Nothing to complain about, nothing to rave about either.",0,0,0,0,0,4,"""1. **考量特性**：",18,0,0,0,0,0,4,4,
"Extremely powerful motor, but it's quite loud. Trade-off I guess.",7,0,0,0,3,0,"""1. **考量特性**：",19,7,0,0,0,3,0,5,
"Love it! Rechargeable, powerful, and the one button operation is so simple.",6,7,6,0,0,0,"""1. **考量特性**：",20,6,7,6,0,0,0,6,
Barely works. Motor is very weak and batteries die immediately. Terrible product.,1,1,0,0,0,0,"""1. **考量特性**：",21,1,1,0,0,0,0,1,
Silent operation! So quiet you can barely hear it. Perfect for early mornings.,0,0,0,0,7,0,"""1. **考量特性**：",22,0,0,0,0,7,0,7,
"Solid construction, feels durable. Works well, no problems so far.",5,0,0,7,0,0,"""1. **考量特性**：",23,5,0,0,6,0,0,5,
The motor is slow and the button placement is awkward. Not impressed with the design.,2,0,2,0,0,0,"""1. **考量特性**：",24,2,0,2,0,0,0,2,
Great little frother! Powerful enough for oat milk and the charge lasts long.,6,7,0,0,0,0,"""1. **考量特性**：",25,6,6,0,0,0,0,6,
"It does what it says. Basic frother, works okay.",0,0,0,0,0,4,"""1. **考量特性**：",26,0,0,0,0,0,4,4,
Louder than expected but very powerful. USB charging is convenient.,7,6,0,0,3,0,"""1. **考量特性**：",27,6,6,0,0,3,0,5,
Button broken after a month. Poor quality control.,0,0,1,1,0,0,"""1. **考量特性**：",28,0,0,1,1,0,0,1,
Super powerful and very quiet! Best of both worlds. Highly satisfied!,7,0,0,0,7,0,"""1. **考量特性**：",29,7,0,0,0,7,0,7,
Works. Just works. Nothing more to say.,0,0,0,0,0,4,"""1. **考量特性**：",30,0,0,0,0,0,4,4,
The rechargeable feature is amazing! No more buying batteries. Motor has good power.,6,7,0,0,0,0,"""1. **考量特性**：",31,6,7,0,0,0,0,6,
Died after 6 months. Expected it to last longer. Flimsy build quality.,0,0,0,1,0,0,"""1. **考量特性**：",32,0,0,0,1,0,0,1,
"Easy to use, simple button operation. Reliable and durable so far.",0,0,6,6,0,0,"""1. **考量特性**：",33,0,0,5,6,0,0,5,
Not powerful enough for thick drinks. Weak motor performance.,2,0,0,0,0,0,"""1. **考量特性**：",34,2,0,0,0,0,0,2,
Love how quiet it is! Great for my apartment where I don't want to disturb neighbors.,0,0,0,0,6,0,"""1. **考量特性**：",35,0,0,0,0,6,0,6,
Okay product. Does the basic job. Nothing fancy.,0,0,0,0,0,4,"""1. **考量特性**：",36,0,0,0,0,0,4,4,
Beast mode! This little thing is incredibly powerful. Fast and efficient.,7,0,0,0,0,0,"""1. **考量特性**：",37,7,0,0,0,0,0,7,
Battery life is short. Have to charge it every other day with regular use.,0,2,0,0,0,0,"""1. **考量特性**：",38,0,3,0,0,0,0,3,
"Sturdy construction, easy button, quiet operation. Everything I wanted!",0,0,6,7,6,0,"""1. **考量特性**：",39,0,0,5,6,6,0,6,
It's a frother. It froths. That's about it.,0,0,0,0,0,0,"""1. **考量特性**：",40,0,0,0,0,0,4,4,
The strongest motor I've seen in a frother this size. Very powerful!,7,0,0,0,0,0,"""1. **考量特性**：",41,7,0,0,0,0,0,7,
Noisy operation is annoying. Otherwise it works fine.,0,0,0,0,3,0,"""1. **考量特性**：",42,0,0,0,0,2,0,3,
"Good battery life, easy to charge via USB. Very convenient.",0,6,0,0,0,0,"""1. **考量特性**：",43,0,6,0,0,0,0,6,
Stopped working randomly. Can't even turn it on anymore. Broke after minimal use.,0,0,0,1,0,0,"""1. **考量特性**：",44,0,0,0,1,0,0,1,
"Fast, quiet, reliable. Everything you need in a frother.",6,0,0,6,6,0,"""1. **考量特性**：",45,6,0,0,6,6,0,6,
"Middle of the road product. Not bad, not great.",0,0,0,0,0,0,"""1. **考量特性**：",46,0,0,0,0,0,4,4,
"Super fast motor, love the power! Makes perfect foam every time.",7,0,0,0,0,0,"""1. **考量特性**：",47,7,0,0,0,0,0,7,
Batteries die quickly. Have to replace them too often. Short battery life.,0,2,0,0,0,0,"""1. **考量特性**：",48,0,2,0,0,0,0,2,
"Simple design, works well. No issues after 8 months of use. Durable!",5,0,0,6,0,0,"""1. **考量特性**：",49,5,0,0,7,0,0,6,
"Hard to press button, must hold down constantly. Annoying design.",0,0,2,0,0,0,"""1. **考量特性**：",50,0,0,2,0,0,0,2,
"Very quiet operation, I love it! Can use it without waking anyone.",0,0,0,0,7,0,"""1. **考量特性**：",51,0,0,0,0,7,0,7,
Average frother. Gets the job done. Nothing special.,0,0,0,0,0,4,"""1. **考量特性**：",52,0,0,0,0,0,4,4,
Powerful motor and long-lasting rechargeable battery. Great combo!,6,7,0,0,0,0,"""1. **考量特性**：",53,6,7,0,0,0,0,6,
"Feels flimsy, might break soon. Not confident in durability.",0,0,0,3,0,0,"""1. **考量特性**：",54,0,0,0,3,0,0,3,
Easy one button operation! So simple my kids can use it.,0,0,6,0,0,0,"""1. **考量特性**：",55,0,0,6,0,0,0,6,
"It's fine. Works as expected. Nothing more, nothing less.",0,0,0,0,0,4,"""1. **考量特性**：",56,0,0,0,0,0,4,4,
Extremely loud! Sounds like a small helicopter. Too noisy.,0,0,0,0,1,0,"""1. **考量特性**：",57,0,0,0,0,1,0,1,
"Reliable performance, been using daily for over a year. Still works perfectly!",5,0,0,7,0,0,"""1. **考量特性**：",58,6,0,0,7,0,0,6,
"Weak motor, barely froths thick milk. Not powerful at all.",1,0,0,0,0,0,"""1. **考量特性**：",59,1,0,0,0,0,0,1,
Love the USB rechargeable feature! So much better than batteries.,0,7,0,0,0,0,"""1. **考量特性**：",60,0,7,0,0,0,0,7,
Basic but functional. Does what a frother should do.,0,0,0,0,0,4,"""1. **考量特性**：",61,0,0,0,0,0,4,4,
Mighty little beast! Powerful and efficient. Best purchase ever!,7,0,0,0,0,0,"""1. **考量特性**：",62,7,0,0,0,0,0,7,
Battery operated which means constantly buying batteries. Not eco-friendly.,0,2,0,0,0,0,"""1. **考量特性**：",63,0,4,0,0,0,0,4,
"Very durable, solid construction. Has survived many drops!",0,0,0,7,0,0,"""1. **考量特性**：",64,0,0,0,7,0,0,7,
"Button in awkward position, hard to operate. Bad ergonomics.",0,0,2,0,0,0,"""1. **考量特性**：",65,0,0,2,0,0,0,2,
Super quiet! Can barely hear it running. Love it!,0,0,0,0,7,0,"""1. **考量特性**：",66,0,0,0,0,7,0,7,
Just okay. Nothing impressive but no major complaints.,0,0,0,0,0,4,"""1. **考量特性**：",67,0,0,0,0,0,4,4,
"Good power, good battery, good overall performance!",6,6,0,0,0,0,"""1. **考量特性**：",68,6,6,0,0,0,0,6,
Terrible battery life. Dies after just a few uses per charge.,0,1,0,0,0,0,"""1. **考量特性**：",69,0,1,0,0,0,0,1,
Easy to use with simple press button. Works great!,0,0,6,0,0,0,"""1. **考量特性**：",70,0,0,6,0,0,0,6,
Broke within first week. Completely stopped working. Defective product.,0,0,0,1,0,0,"""1. **考量特性**：",71,0,0,0,1,0,0,1,
Quiet and powerful - rare combination! Very satisfied.,6,0,0,0,6,0,"""1. **考量特性**：",72,6,0,0,0,6,0,6,
Mediocre at best. Does the minimum required.,0,0,0,0,0,0,"""1. **考量特性**：",73,0,0,0,0,0,4,4,
"Fast motor, quick results. Gets the job done in seconds!",6,0,0,0,0,4,"""1. **考量特性**：",74,6,0,0,0,0,0,6,
Drains batteries like crazy. Very inefficient.,0,2,0,0,0,0,"""1. **考量特性**：",75,0,2,0,0,0,0,2,
"Solid build, feels like it will last. Very sturdy.",0,0,0,7,0,0,"""1. **考量特性**：",76,0,0,0,7,0,0,7,
Must hold button down entire time. My hand gets tired.,0,0,2,0,0,0,"""1. **考量特性**：",77,0,0,2,0,0,0,2,
Silent operation perfect for early mornings before family wakes up.,0,0,0,0,7,0,"""1. **考量特性**：",78,0,0,0,0,7,0,7,
Standard frother. Works as expected. Fair price.,0,0,0,0,0,4,"""1. **考量特性**：",79,0,0,0,0,0,4,4,
Very powerful little motor! Impressed by the strength.,7,0,0,0,0,0,"""1. **考量特性**：",80,7,0,0,0,0,0,7,
Charge lasts a long time! Very happy with battery performance.,5,7,0,0,0,0,"""1. **考量特性**：",81,0,7,0,0,0,0,7,
Reliable so far. No issues after daily use for 6 months.,0,0,0,6,0,0,"""1. **考量特性**：",82,0,0,0,6,0,0,6,
Awkward button placement but otherwise works okay.,0,0,2,0,0,0,"""1. **考量特性**：",83,0,0,3,0,0,0,3,
Louder than expected when running. A bit noisy.,0,0,0,0,3,0,"""1. **考量特性**：",84,0,0,0,0,3,0,3,
It's a frother. Nothing special. Works adequately.,0,0,0,0,0,4,"""1. **考量特性**：",85,0,0,0,0,0,4,4,
Strong and fast! Love the performance of this frother.,6,0,0,0,0,0,"""1. **考量特性**：",86,6,0,0,0,0,0,6,
USB rechargeable is very convenient. Easy to charge anywhere.,0,6,0,0,0,0,"""1. **考量特性**：",87,0,6,0,0,0,0,6,
Still working after 2 years! Very reliable and durable.,0,0,0,7,0,0,"""1. **考量特性**：",88,0,0,0,7,0,0,7,
Easy button operation. Simple and intuitive to use.,0,0,6,0,0,0,"""1. **考量特性**：",89,0,0,6,0,0,0,6,
"Very quiet, barely makes noise. Great for apartments.",0,0,0,0,7,0,"""1. **考量特性**：",90,0,0,0,0,7,0,7,
Average performance. Gets the job done but nothing amazing.,5,0,0,0,0,0,"""1. **考量特性**：",91,0,0,0,0,0,4,4,
Powerful motor that handles any milk type. Very versatile!,6,0,0,0,0,0,"""1. **考量特性**：",92,6,0,0,0,0,0,6,
Short battery life is frustrating. Dies too quickly.,0,1,0,0,0,0,"""1. **考量特性**：",93,0,2,0,0,0,0,2,
Durable construction. Dropped it several times and still works!,0,0,0,6,0,0,"""1. **考量特性**：",94,0,0,0,7,0,0,7,
Button is stiff and hard to press. Not user friendly.,0,0,2,0,0,0,"""1. **考量特性**：",95,0,0,2,0,0,0,2,
So quiet! My favorite feature. Can use anytime without disturbing anyone.,0,0,0,0,7,0,"""1. **考量特性**：",96,0,0,0,0,7,0,7,
Basic but reliable. Does what I need it to do.,0,0,0,6,0,0,"""1. **考量特性**：",97,0,0,0,5,0,4,4,
Weak motor not suitable for thick liquids. Disappointing power.,2,0,0,0,0,0,"""1. **考量特性**：",98,2,0,0,0,0,0,2,
"Good battery life, rechargeable, and powerful. Great product!",6,6,0,0,0,0,"""1. **考量特性**：",99,6,6,0,0,0,0,6,
Works perfectly for years. Very reliable and well-made.,0,0,0,7,0,0,"""1. **考量特性**：",100,0,0,0,7,0,0,7,
Simple one button design. Easy to use even for beginners.,0,0,6,0,0,0,"""1. **考量特性**：",101,0,0,6,0,0,0,6,
